ravindra,Ravindra,Shekhawat,ravindra@gmail.com,1234@redhat
abu,khan,hello,ravindra@gmail.com,1234@redhat
ravindra,Ravindra,Shekhawat,ravindra@gmail.com,1234@redhat
ravindra,Ravindra,Shekhawat,ravindra@gmail.com,1234@redhat
ravindra,Ravindra,Shekhawat,ravindra@gmail.com,1234@redhat
ravindra,Ravindra,Shekhawat,ravindra@gmail.com,1234@redhat
ravindra,Ravindra,Shekhawat,ravindra@gmail.com,1234@redhat
ravindra,Ravindra,Shekhawat,ravindra@gmail.com,1234@redhat
ravindra,Ravindra,Shekhawat,ravindra@gmail.com,1234@redhat
ravindra,Ravindra,Shekhawat,ravindra@gmail.com,1234@redhat
